{
  "openapi": "3.1.0",
  "info": {
    "title": "SQL Filter API",
    "description": "",
    "contact": {
      "name": "Flokkq",
      "email": "webcla21@htl-kaindorf.at"
    },
    "license": {
      "name": ""
    },
    "version": "1.0.0"
  },
  "paths": {
    "/items/sqlo": {
      "post": {
        "tags": [
          "items"
        ],
        "operationId": "sqlo_items",
        "requestBody": {
          "content": {
            "application/json": {
              "schema": {
                "$ref": "#/components/schemas/GenericDtoFilter_ItemDto"
              }
            }
          },
          "required": true
        },
        "responses": {
          "200": {
            "description": "Filtered items",
            "content": {
              "application/json": {
                "schema": {
                  "type": "array",
                  "items": {
                    "$ref": "#/components/schemas/ItemDto"
                  }
                }
              }
            }
          }
        }
      }
    }
  },
  "components": {
    "schemas": {
      "DtoPage": {
        "type": "object",
        "required": [
          "pageSize",
          "pageNo"
        ],
        "properties": {
          "pageNo": {
            "type": "integer",
            "format": "int32",
            "minimum": 0
          },
          "pageSize": {
            "type": "integer",
            "format": "int32",
            "minimum": 0
          }
        }
      },
      "DtoSortDir": {
        "type": "string",
        "enum": [
          "asc",
          "desc"
        ]
      },
      "GenericDtoExpression_ItemDtoLeaf": {
        "oneOf": [
          {
            "type": "object",
            "required": [
              "and"
            ],
            "properties": {
              "and": {
                "type": "array",
                "items": {
                  "$ref": "#/components/schemas/GenericDtoExpression_ItemDtoLeaf"
                }
              }
            }
          },
          {
            "type": "object",
            "required": [
              "or"
            ],
            "properties": {
              "or": {
                "type": "array",
                "items": {
                  "$ref": "#/components/schemas/GenericDtoExpression_ItemDtoLeaf"
                }
              }
            }
          },
          {
            "oneOf": [
              {
                "$ref": "#/components/schemas/ItemDtoLeafId"
              },
              {
                "$ref": "#/components/schemas/ItemDtoLeafName"
              },
              {
                "$ref": "#/components/schemas/ItemDtoLeafDescription"
              },
              {
                "$ref": "#/components/schemas/ItemDtoLeafPrice"
              },
              {
                "$ref": "#/components/schemas/ItemDtoLeafAmount"
              },
              {
                "$ref": "#/components/schemas/ItemDtoLeafActive"
              },
              {
                "$ref": "#/components/schemas/ItemDtoLeafDueDate"
              }
            ]
          }
        ]
      },
      "GenericDtoFilter_ItemDto": {
        "type": "object",
        "required": [
          "filter",
          "sort",
          "page"
        ],
        "properties": {
          "filter": {
            "$ref": "#/components/schemas/GenericDtoExpression_ItemDtoLeaf"
          },
          "page": {
            "$ref": "#/components/schemas/DtoPage"
          },
          "sort": {
            "type": "array",
            "items": {
              "$ref": "#/components/schemas/GenericDtoSort_ItemDtoSortField"
            }
          }
        }
      },
      "GenericDtoSort_ItemDtoSortField": {
        "oneOf": [
          {
            "$ref": "#/components/schemas/ItemDtoSortId"
          },
          {
            "$ref": "#/components/schemas/ItemDtoSortName"
          },
          {
            "$ref": "#/components/schemas/ItemDtoSortDescription"
          },
          {
            "$ref": "#/components/schemas/ItemDtoSortPrice"
          },
          {
            "$ref": "#/components/schemas/ItemDtoSortAmount"
          },
          {
            "$ref": "#/components/schemas/ItemDtoSortActive"
          },
          {
            "$ref": "#/components/schemas/ItemDtoSortDueDate"
          }
        ]
      },
      "ItemDto": {
        "type": "object",
        "required": [
          "id",
          "name",
          "description",
          "price",
          "amount",
          "active",
          "due_date"
        ],
        "properties": {
          "active": {
            "type": "boolean"
          },
          "amount": {
            "type": "integer",
            "format": "int32"
          },
          "description": {
            "type": "string"
          },
          "due_date": {
            "type": "string",
            "format": "date-time"
          },
          "id": {
            "type": "string",
            "format": "uuid"
          },
          "name": {
            "type": "string"
          },
          "price": {
            "type": "number",
            "format": "float"
          }
        }
      },
      "ItemDtoActiveOp": {
        "oneOf": [
          {
            "type": "object",
            "required": [
              "is_true"
            ],
            "properties": {
              "is_true": {
                "type": "boolean"
              }
            }
          },
          {
            "type": "object",
            "required": [
              "is_false"
            ],
            "properties": {
              "is_false": {
                "type": "boolean"
              }
            }
          }
        ]
      },
      "ItemDtoAmountOp": {
        "oneOf": [
          {
            "type": "object",
            "required": [
              "eq"
            ],
            "properties": {
              "eq": {
                "type": "integer",
                "format": "int32"
              }
            }
          },
          {
            "type": "object",
            "required": [
              "neq"
            ],
            "properties": {
              "neq": {
                "type": "integer",
                "format": "int32"
              }
            }
          },
          {
            "type": "object",
            "required": [
              "gt"
            ],
            "properties": {
              "gt": {
                "type": "integer",
                "format": "int32"
              }
            }
          },
          {
            "type": "object",
            "required": [
              "gte"
            ],
            "properties": {
              "gte": {
                "type": "integer",
                "format": "int32"
              }
            }
          },
          {
            "type": "object",
            "required": [
              "lt"
            ],
            "properties": {
              "lt": {
                "type": "integer",
                "format": "int32"
              }
            }
          },
          {
            "type": "object",
            "required": [
              "lte"
            ],
            "properties": {
              "lte": {
                "type": "integer",
                "format": "int32"
              }
            }
          },
          {
            "type": "object",
            "required": [
              "between"
            ],
            "properties": {
              "between": {
                "type": "array",
                "items": {
                  "type": "integer",
                  "format": "int32"
                }
              }
            }
          },
          {
            "type": "object",
            "required": [
              "not_between"
            ],
            "properties": {
              "not_between": {
                "type": "array",
                "items": {
                  "type": "integer",
                  "format": "int32"
                }
              }
            }
          }
        ]
      },
      "ItemDtoDescriptionOp": {
        "oneOf": [
          {
            "type": "object",
            "required": [
              "eq"
            ],
            "properties": {
              "eq": {
                "type": "string"
              }
            }
          },
          {
            "type": "object",
            "required": [
              "neq"
            ],
            "properties": {
              "neq": {
                "type": "string"
              }
            }
          },
          {
            "type": "object",
            "required": [
              "like"
            ],
            "properties": {
              "like": {
                "type": "string"
              }
            }
          },
          {
            "type": "object",
            "required": [
              "not_like"
            ],
            "properties": {
              "not_like": {
                "type": "string"
              }
            }
          },
          {
            "type": "object",
            "required": [
              "is_null"
            ],
            "properties": {
              "is_null": {
                "type": "boolean"
              }
            }
          },
          {
            "type": "object",
            "required": [
              "is_not_null"
            ],
            "properties": {
              "is_not_null": {
                "type": "boolean"
              }
            }
          }
        ]
      },
      "ItemDtoDueDateOp": {
        "oneOf": [
          {
            "type": "object",
            "required": [
              "eq"
            ],
            "properties": {
              "eq": {
                "type": "string",
                "format": "date-time"
              }
            }
          },
          {
            "type": "object",
            "required": [
              "neq"
            ],
            "properties": {
              "neq": {
                "type": "string",
                "format": "date-time"
              }
            }
          },
          {
            "type": "object",
            "required": [
              "is_null"
            ],
            "properties": {
              "is_null": {
                "type": "boolean"
              }
            }
          },
          {
            "type": "object",
            "required": [
              "is_not_null"
            ],
            "properties": {
              "is_not_null": {
                "type": "boolean"
              }
            }
          }
        ]
      },
      "ItemDtoIdOp": {
        "oneOf": [
          {
            "type": "object",
            "required": [
              "eq"
            ],
            "properties": {
              "eq": {
                "type": "string",
                "format": "uuid"
              }
            }
          },
          {
            "type": "object",
            "required": [
              "neq"
            ],
            "properties": {
              "neq": {
                "type": "string",
                "format": "uuid"
              }
            }
          },
          {
            "type": "object",
            "required": [
              "is_null"
            ],
            "properties": {
              "is_null": {
                "type": "boolean"
              }
            }
          },
          {
            "type": "object",
            "required": [
              "is_not_null"
            ],
            "properties": {
              "is_not_null": {
                "type": "boolean"
              }
            }
          }
        ]
      },
      "ItemDtoLeaf": {
        "oneOf": [
          {
            "$ref": "#/components/schemas/ItemDtoLeafId"
          },
          {
            "$ref": "#/components/schemas/ItemDtoLeafName"
          },
          {
            "$ref": "#/components/schemas/ItemDtoLeafDescription"
          },
          {
            "$ref": "#/components/schemas/ItemDtoLeafPrice"
          },
          {
            "$ref": "#/components/schemas/ItemDtoLeafAmount"
          },
          {
            "$ref": "#/components/schemas/ItemDtoLeafActive"
          },
          {
            "$ref": "#/components/schemas/ItemDtoLeafDueDate"
          }
        ]
      },
      "ItemDtoLeafActive": {
        "type": "object",
        "required": [
          "active"
        ],
        "properties": {
          "active": {
            "$ref": "#/components/schemas/ItemDtoActiveOp"
          }
        }
      },
      "ItemDtoLeafAmount": {
        "type": "object",
        "required": [
          "amount"
        ],
        "properties": {
          "amount": {
            "$ref": "#/components/schemas/ItemDtoAmountOp"
          }
        }
      },
      "ItemDtoLeafDescription": {
        "type": "object",
        "required": [
          "description"
        ],
        "properties": {
          "description": {
            "$ref": "#/components/schemas/ItemDtoDescriptionOp"
          }
        }
      },
      "ItemDtoLeafDueDate": {
        "type": "object",
        "required": [
          "due_date"
        ],
        "properties": {
          "due_date": {
            "$ref": "#/components/schemas/ItemDtoDueDateOp"
          }
        }
      },
      "ItemDtoLeafId": {
        "type": "object",
        "required": [
          "id"
        ],
        "properties": {
          "id": {
            "$ref": "#/components/schemas/ItemDtoIdOp"
          }
        }
      },
      "ItemDtoLeafName": {
        "type": "object",
        "required": [
          "name"
        ],
        "properties": {
          "name": {
            "$ref": "#/components/schemas/ItemDtoNameOp"
          }
        }
      },
      "ItemDtoLeafPrice": {
        "type": "object",
        "required": [
          "price"
        ],
        "properties": {
          "price": {
            "$ref": "#/components/schemas/ItemDtoPriceOp"
          }
        }
      },
      "ItemDtoNameOp": {
        "oneOf": [
          {
            "type": "object",
            "required": [
              "eq"
            ],
            "properties": {
              "eq": {
                "type": "string"
              }
            }
          },
          {
            "type": "object",
            "required": [
              "neq"
            ],
            "properties": {
              "neq": {
                "type": "string"
              }
            }
          },
          {
            "type": "object",
            "required": [
              "like"
            ],
            "properties": {
              "like": {
                "type": "string"
              }
            }
          },
          {
            "type": "object",
            "required": [
              "not_like"
            ],
            "properties": {
              "not_like": {
                "type": "string"
              }
            }
          },
          {
            "type": "object",
            "required": [
              "is_null"
            ],
            "properties": {
              "is_null": {
                "type": "boolean"
              }
            }
          },
          {
            "type": "object",
            "required": [
              "is_not_null"
            ],
            "properties": {
              "is_not_null": {
                "type": "boolean"
              }
            }
          }
        ]
      },
      "ItemDtoPriceOp": {
        "oneOf": [
          {
            "type": "object",
            "required": [
              "eq"
            ],
            "properties": {
              "eq": {
                "type": "number",
                "format": "float"
              }
            }
          },
          {
            "type": "object",
            "required": [
              "neq"
            ],
            "properties": {
              "neq": {
                "type": "number",
                "format": "float"
              }
            }
          },
          {
            "type": "object",
            "required": [
              "gt"
            ],
            "properties": {
              "gt": {
                "type": "number",
                "format": "float"
              }
            }
          },
          {
            "type": "object",
            "required": [
              "gte"
            ],
            "properties": {
              "gte": {
                "type": "number",
                "format": "float"
              }
            }
          },
          {
            "type": "object",
            "required": [
              "lt"
            ],
            "properties": {
              "lt": {
                "type": "number",
                "format": "float"
              }
            }
          },
          {
            "type": "object",
            "required": [
              "lte"
            ],
            "properties": {
              "lte": {
                "type": "number",
                "format": "float"
              }
            }
          },
          {
            "type": "object",
            "required": [
              "between"
            ],
            "properties": {
              "between": {
                "type": "array",
                "items": {
                  "type": "number",
                  "format": "float"
                }
              }
            }
          },
          {
            "type": "object",
            "required": [
              "not_between"
            ],
            "properties": {
              "not_between": {
                "type": "array",
                "items": {
                  "type": "number",
                  "format": "float"
                }
              }
            }
          }
        ]
      },
      "ItemDtoSortActive": {
        "type": "object",
        "required": [
          "active"
        ],
        "properties": {
          "active": {
            "$ref": "#/components/schemas/DtoSortDir"
          }
        }
      },
      "ItemDtoSortAmount": {
        "type": "object",
        "required": [
          "amount"
        ],
        "properties": {
          "amount": {
            "$ref": "#/components/schemas/DtoSortDir"
          }
        }
      },
      "ItemDtoSortDescription": {
        "type": "object",
        "required": [
          "description"
        ],
        "properties": {
          "description": {
            "$ref": "#/components/schemas/DtoSortDir"
          }
        }
      },
      "ItemDtoSortDueDate": {
        "type": "object",
        "required": [
          "due_date"
        ],
        "properties": {
          "due_date": {
            "$ref": "#/components/schemas/DtoSortDir"
          }
        }
      },
      "ItemDtoSortField": {
        "oneOf": [
          {
            "$ref": "#/components/schemas/ItemDtoSortId"
          },
          {
            "$ref": "#/components/schemas/ItemDtoSortName"
          },
          {
            "$ref": "#/components/schemas/ItemDtoSortDescription"
          },
          {
            "$ref": "#/components/schemas/ItemDtoSortPrice"
          },
          {
            "$ref": "#/components/schemas/ItemDtoSortAmount"
          },
          {
            "$ref": "#/components/schemas/ItemDtoSortActive"
          },
          {
            "$ref": "#/components/schemas/ItemDtoSortDueDate"
          }
        ]
      },
      "ItemDtoSortId": {
        "type": "object",
        "required": [
          "id"
        ],
        "properties": {
          "id": {
            "$ref": "#/components/schemas/DtoSortDir"
          }
        }
      },
      "ItemDtoSortName": {
        "type": "object",
        "required": [
          "name"
        ],
        "properties": {
          "name": {
            "$ref": "#/components/schemas/DtoSortDir"
          }
        }
      },
      "ItemDtoSortPrice": {
        "type": "object",
        "required": [
          "price"
        ],
        "properties": {
          "price": {
            "$ref": "#/components/schemas/DtoSortDir"
          }
        }
      }
    }
  },
  "tags": [
    {
      "name": "items",
      "description": "Filtering Items with WebQuery payload"
    }
  ]
}
